scenario,MAE,RMSE,R2,pearson_r
real_labels,3.703633684100527,4.934051858996752,0.8930417228637542,0.9451549784643478
shuffled_labels,14.050545779141514,17.50316677923011,-0.24028697055349113,-0.09998371696196491
